PDO IOC — Consolidated Alarm Solution (CAS)  |  Clarification & Requirements Register,Unnamed: 1,Unnamed: 2,Unnamed: 3,Unnamed: 4,Unnamed: 5,Unnamed: 6
"74 sites · multi-vendor DCS (Honeywell / Emerson / Yokogawa / Foxboro / Matrikon; future ABB / GE) · Edge-to-Broker architecture · No DCOM / No OPC Tunneler.  Questions to be issued to PDO and Yokogawa.  Addressee: P = PDO, Y = Yokogawa, B = Both.",,,,,,
ID,Category,Question / Clarification Required,Why It Matters (Rationale),Addressee,Priority,Response (to be completed by PDO / Yokogawa)
1. Scope & Requirements Clarification,,,,,,
1.1,Scope & Requirements Clarification,"The spec references integration with AVEVA System Platform / Wonderware (rows 17, 29, 30) and a System Platform tag-count impact (row 53), yet the current direction(as pe the dicussion yesterday with Mr. Girish) indicates this may be descoped in favour of standalone operator stations. Please confirm definitively: is AVEVA System Platform / IOC SCADA integration IN or OUT of scope?","This single answer reshapes the client UI, the licensing model and the System Platform tag-count requirement. It is the largest open variable in the design.",Both,Critical,
1.2,Scope & Requirements Clarification,"Confirm the total number of DCS / OPC source systems across the 74 sites, broken down by OEM (Honeywell / Emerson / Yokogawa / Foxboro / Matrikon / other).","Drives the number of edge collectors, connector licences and total integration effort.",PDO,High,
1.3,Scope & Requirements Clarification,"Are all 74 sites on one common PCD / OT network, or distributed across remote WAN links into the IOC? Please provide the network topology between sites, the CCR and the IOC.","Determines whether edge collectors publish to a single broker or to regional aggregation brokers, and the bandwidth/latency budget.",PDO,Critical,
2. Architecture & the No-DCOM Constraint,,,,,,
2.1,Architecture & the No-DCOM Constraint,"To honour 'No DCOM and No OPC Tunneler', our edge-to-broker model needs the edge collector to run locally alongside each OPC A&E source (local COM, no remote DCOM). Are we permitted to install our lightweight edge agent directly on the existing OEM OPC A&E server or in a separate machine in the same layer?",Local installation is the direct technical consequence of the No-DCOM rule.,Both,Critical,
2.2,Architecture & the No-DCOM Constraint,"If installing third-party software on the existing OPC server VM/server machine is prohibited by OEM warranty or PCD policy, what is the approved topology for local extraction — e.g. will PDO provision an adjacent VM/Server on the identical local subnet so the OPC connection remains local within the same layer?","If we cannot co-reside on the OPC server machine, PDO must provision adjacent edge server/VM",Both,Critical,
2.3,Architecture & the No-DCOM Constraint,"Please confirm acceptance of the edge-to-broker pattern (MQTT / Sparkplug B over TLS) as the PCD-to-IOC transport, replacing DCOM and OPC tunnelling.",Confirms the foundational transport choice satisfies the No-DCOM/No-Tunneler requirement and cyber policy.,Both,High,
2.4,Architecture & the No-DCOM Constraint,"Spec requires a 'single string per OPC A&E server'. Confirm this means one A&E subscription session per server, filtered at the edge — not per-tag DA polling.","Confirms the low-load, event-driven A&E subscription model the spec intends and avoids OPC-server overload.",Yokogawa,Medium,
"3. Infrastructure, Virtualization & PCD Compliance",,,,,,
3.1,"Infrastructure, Virtualization & PCD Compliance",Is deployment of Docker / Kubernetes (containerization) officially approved and supported within the PDO PCD?,Modern brokered architectures often containerize. the answer dictates the deployment model.,PDO,High,
3.2,"Infrastructure, Virtualization & PCD Compliance","If containers are not approved, confirm we are limited to PDO-provided Windows Server / Linux VMs for the broker and central services, and state the standard OS builds/versions available.",Locks the supported deployment platform and OS baseline for sizing and compatibility.,PDO,High,
3.3,"Infrastructure, Virtualization & PCD Compliance",What CPU / RAM / disk resources are available on the OPC A&E VMs (or adjacent edge VMs) to host the edge agent and buffer store-and-forward data during outages?,Required to size the local buffer for the mandated store-and-forward / backfill capability.,PDO,High,
3.4,"Infrastructure, Virtualization & PCD Compliance","Will PDO provide the central / IOC compute (VMs, storage, database hosting), or must it be included in our offer?",Determines hardware scope and pricing for the central tier.,PDO,High,
3.5,"Infrastructure, Virtualization & PCD Compliance","Confirm the virtualization/hypervisor standard in the PCD and IOC (VMware vSphere, Hyper-V, etc.) and any mandated hardening baseline",Ensures our components are certified/supported on the target platform and meet hardening rules.,PDO,Medium,
4. Network & Cybersecurity,,,,,,
4.1,Network & Cybersecurity,Is there a DMZ between the PCD/CCR and the IOC? Please provide the Purdue-level segmentation and the security zones the solution must traverse.,"Defines where the broker bridge and any DMZ-resident services sit, and how many zone boundaries data crosses.",PDO,Critical,
4.2,Network & Cybersecurity,"If acknowledgment from the IOC is required, can firewalls permit the specific bidirectional edge-to-broker path, or must acknowledgment be local-only at the DCS?",Confirms whether a controlled return channel is allowed or whether ack stays at the DCS.,Both,Critical,
4.3,Network & Cybersecurity,Which secure protocols and ports are approved by PDO cybersecurity for edge-to-broker traffic (e.g. MQTT over TLS 1.2/1.3 on port 8883)?,Firewall rules and the transport binding cannot be finalised without approved protocol/port.,PDO,High,
5. Multi-Vendor OPC Connectivity & Data Handling,,,,,,
5.1,Multi-Vendor OPC Connectivity & Data Handling,"Provide each DCS platform with its exact OPC A&E (and DA where used) server product and version (Honeywell, Emerson, Yokogawa, Foxboro, Matrikon).",Connector compatibility and certified versions must be verified per OEM before commitment.,Both,High,
5.2,Multi-Vendor OPC Connectivity & Data Handling,"Foxboro does not expose OPC A&E like the other DCS. Confirm the alternative integration is via SQL, provide the source schema, and confirm a synchronization time <= 5 s is achievable and acceptable.",Foxboro is the exception case; the SQL path and 5-second sync target must be validated against the actual schema.,Both,High,
5.3,Multi-Vendor OPC Connectivity & Data Handling,"For Sequence of Events: must the CAS preserve the original millisecond timestamp generated at the lowest-level controller, and do all legacy OPC A&E servers actually pass this granular SOE timestamp (versus server-receive time)?","SOE fidelity depends on the source. If servers only pass receive-time, true ms SOE cannot be guaranteed and expectations must be reset.",Both,High,
5.4,Multi-Vendor OPC Connectivity & Data Handling,What time-synchronization source/standard (NTP / PTP) is used across the sites so cross-vendor SOE ordering is coherent?,Consistent time base is prerequisite for merging SOE from different OEMs into one ordered table.,PDO,Medium,
5.5,Multi-Vendor OPC Connectivity & Data Handling,"Are alarm normalization / formatting rules required when consolidating events from disparate OEMs into one unified real-time alarm table (priority mapping, condition naming, area/asset model)?",Defines the normalization layer in the edge/central tier and the effort to map each OEM's model.,Both,Medium,
5.6,Multi-Vendor OPC Connectivity & Data Handling,"When a new DCS alarm/tag is added, must the CAS alarm database and banners update automatically (auto-discovery), or is manual reconfiguration acceptable? (Spec row 40.)",Auto-discovery vs manual config materially changes design complexity and lifecycle effort.,Both,Medium,
5.7,Multi-Vendor OPC Connectivity & Data Handling,Future ABB and GE OPC A&E/DA connectivity is listed as upcoming. Confirm whether these must be included now (and priced) or are optional future phases.,Determines whether ABB/GE connectors are in the current commercial scope.,Both,Medium,
5.8,Multi-Vendor OPC Connectivity & Data Handling,"Confirm whether OPC DA is genuinely required, or whether OPC A&E alone meets the alarm/event scope (spec row 39 prefers no OPC-DA exposure).",Avoids unnecessary DA polling load if A&E covers the requirement.,Both,Medium,
6. Sizing & Performance,,,,,,
6.1,Sizing & Performance,Peak alarm flood rate: expected worst-case alarms/second per site and aggregate at the IOC.,"Drives edge buffer, broker throughput and database write sizing for the worst case.",Both,Critical,
6.2,Sizing & Performance,Steady-state and average event rates per site and aggregate.,Baseline capacity and storage growth planning.,Both,High,
6.3,Sizing & Performance,Concurrent users: number of simultaneous operator / engineer / viewer sessions at peak.,Sizes the web/UI tier and concurrent-session licensing.,PDO,High,
6.4,Sizing & Performance,"Historical retention: required online retention period for alarms/events, plus archive and purge policy.",Sizes the historical store and defines archival design.,PDO,High,
6.5,Sizing & Performance,"Confirm the near-real-time update target — the spec states 5-10 s, while other sections imply <= 5 s — and the acceptable end-to-end latency from DCS event to banner.",Resolves a conflicting requirement and sets the performance SLA the design must meet.,Both,High,
6.6,Sizing & Performance,Total tag/condition count per OPC server and aggregate across all sites.if available,"Capacity planning for subscriptions, buffers and the alarm database.",Both,Medium,
7. Standalone Operator Stations & UI,,,,,,
7.1,Standalone Operator Stations & UI,"With AVEVA integration potentially descoped, will PDO / Yokogawa supply the dedicated hardware and monitors for the standalone operator stations, or must client hardware be included in our offer?",Decides whether client hardware is a cost line in the commercial offer.,Both,High,
7.2,Standalone Operator Stations & UI,Exactly how many standalone operator stations are required across the Central Control Room and the IOC?,"Sizes client deployment, licensing and commissioning effort.",PDO,High,
7.3,Standalone Operator Stations & UI,"Preferred client deployment: a centralized web-based UI via standard browsers (Edge/Chrome), or a thick-client install? (We recommend web based.)",Sets the UI delivery model; Web based reduces per-station maintenance and avoids ActiveX/DCOM concerns.,Both,High,
7.4,Standalone Operator Stations & UI,"If AVEVA remains in scope: must the banner be embedded as an ActiveX / HTML5 control inside the existing Wonderware HMI, or run as a standalone window?",Embedding constraints (especially ActiveX) significantly affect UI architecture.,Both,Medium,
7.5,Standalone Operator Stations & UI,"Is Single Sign-On (e.g. Active Directory / LDAP) required for operator authentication, and which identity provider must we integrate with?",Defines authentication integration and the RBAC/role-based filter presets (spec row 28).,PDO,Medium,
8. Integration (PI / SQL / Third-Party),,,,,,
8.1,Integration (PI / SQL / Third-Party),"Confirm the required integrations and direction for PI and/or SQL (read alarm data out only, or also write into CAS).",Defines the integration interfaces and data-flow direction with the historian/database layer.,Both,Medium,
8.2,Integration (PI / SQL / Third-Party),"Baseera, Nibras and other PDO third-party software — confirm the interface method (PI, SQL, REST API) and which systems are in scope.",Defines outbound integration adapters required for PDO's wider toolset.,PDO,Medium,
8.3,Integration (PI / SQL / Third-Party),"Is an open API required to expose commands/control to and from the IOC platform (spec row 30), and over which protocol (REST / OPC UA)?",Determines whether a published API layer is in scope and its protocol.,Both,Medium,
8.4,Integration (PI / SQL / Third-Party),Confirm the CCTV / RDP integration referenced under 'open architecture' (spec row 33) — is this within CAS scope or handled display-side only?,Clarifies whether multimedia/RDP panes are a CAS deliverable.,PDO,Low,
"9. Redundancy, Availability & Backfill",,,,,,
9.1,"Redundancy, Availability & Backfill","Required availability / RPO / RTO for the central alarm database and broker (HA cluster, N+1, geo-redundancy)?",Sets the redundancy design and infrastructure count.,PDO,High,
9.2,"Redundancy, Availability & Backfill",Confirm the store-and-forward buffer depth required at the edge — the maximum outage duration to survive with zero data loss — so local disk can be sized.,Directly sizes edge buffer storage for the mandated store-and-forward capability.,Both,High,
9.3,"Redundancy, Availability & Backfill","On reconnection, must backfilled events be merged into history in correct SOE order using original timestamps? Confirm acceptable backfill behaviour.",Defines backfill correctness rules and history reconciliation logic.,Both,Medium,
9.4,"Redundancy, Availability & Backfill","Is broker redundancy / clustering required, and is a DMZ-resident broker bridge to the IOC acceptable?",Confirms broker HA topology and placement relative to the DMZ.,Both,Medium,
10. Licensing & Commercial,,,,,,
10.1,Licensing & Commercial,Must licensing cover the future ABB / GE connectors and additional sites beyond the initial 74?,Determines whether future expansion is pre-licensed or chargeable later.,Both,Medium,
10.2,Licensing & Commercial,"Confirm currency, payment milestones, and the warranty / support period expected for the commercial offer.",Required to structure the commercial proposal.,PDO,Medium,
"11. Resources, Support & Project Execution",,,,,,
11.1,"Resources, Support & Project Execution","Are locally certified resources required in the Sultanate of Oman for support and future expansion (spec row 64), and is In-Country Value (ICV) a scoring criterion?","Affects resourcing model, partnerships and bid scoring.",PDO,Medium,
11.2,"Resources, Support & Project Execution","Confirm the required implementation timeline and any mandated milestones, including FAT/SAT requirements (spec row 65).",Sets the project schedule and acceptance gates.,Both,High,
